Web Application Data elements,json data element,,
None: For internal use,account_id,A0001,A0011
Executive Account summary,executive_account_summary: executive_summary,"Synovus should be approached as a legacy commercial-bank franchise inside the combined Pinnacle Financial Partners organization, with the strongest account signal centered on March 2027 systems and brand conversion. The account posture should combine integration assurance, commercial treasury growth enablement, data/control readiness, channel continuity, and disciplined risk validation without implying vendor replacement or approved SI scope.","Jack Henry is a financially healthy, U.S.-focused banking technology provider with steady high-single-digit growth, expanding operating leverage, and a visible product-led strategy centered on cloud-native platform evolution, core and digital modernization, payments growth, open APIs, partner ecosystem scale, and AI-enabled product security. The account is attractive for selective pursuit because the portfolio supports credible consulting-led entry plays and broad engineering, implementation, integration, data, security, and operations expansion. The strongest posture is to lead with product and platform architecture, API and ecosystem readiness, engineering productivity, product security, and implementation acceleration while validating roadmap, buyer, budget, platform, and services-model assumptions."
Executive Account summary,executive_account_summary: current_business_position,"The institution is operating in a post-close merger context as part of Pinnacle Financial Partners, with expanded regional scale and a public conversion milestone ahead.","A scaled U.S. financial technology provider serving approximately 7,400 community banks and credit unions with core, digital, payments, lending, operational, security, and complementary solutions."
Executive Account summary,executive_account_summary: strategic_direction,"The public strategy signal combines regional growth, commercial relationship expansion, merger integration, client continuity, expense discipline, and fee-income growth.",Publicly communicated: Unified cloud-native platform evolution | Payments and digital transaction growth | Open API and partner ecosystem expansion | AI-enabled product security and resilience | Operating leverage and disciplined product investment | Portfolio expansion through acquisition integration | Demonstrated: Sustained high-single-digit growth | Operating-income growth above revenue growth | Cloud and transaction activity growth | Open API and partner ecosystem expansion | AI-enabled product-security collaboration | Selective acquisition integration
Executive Account summary,executive_account_summary: transformation_posture,"Integration-led and outcome-led; the public record supports conversion readiness and product-level commercial connectivity, not a generic enterprise modernization thesis.","Broad product and platform transformation. Jack Henry appears to be pursuing broad but portfolio-dependent product and platform transformation, combining cloud-native evolution, API and ecosystem scale, payments and digital growth, AI-enabled security, and operating leverage. Execution is likely uneven by product and operating function"
"Strategy and Intelligence: 
 Operating Priorities",executive_account_summary: operating_priorities,"Controlled merger integration | Client and colleague continuity through conversion | Commercial relationship and treasury growth | Data, reporting, and control readiness | Operating leverage and expense discipline","Sustain revenue growth and operating leverage | Scale cloud processing, hosting, payments, and digital transaction activity | Increase product release velocity and engineering productivity | Improve platform availability, resilience, and product security | Support customer implementation and transition capacity | Expand API, developer, and partner ecosystem adoption | Integrate acquired capabilities while preserving product and customer continuity"
"Strategy and Intelligence: 
 Technology Services Inference",executive_account_summary: investment_posture,"Most credible investment demand is likely tied to conversion execution, commercial workflow enablement, data/control alignment, digital/branch continuity, and change enablement. Directional SI-services estimates are not bank-approved budgets.","Cloud-native product and platform architecture | Core, digital, and payments engineering | API and partner ecosystem | Product security and AI assurance | Engineering productivity, DevSecOps, and Quality Engineering | Client implementation and conversion | Data foundations and PaaS integration"
"Strategy and Intelligence: 
 Technology Services Inference",executive_account_summary: technology_posture,"Technology posture is integration-led, with confirmed public product-level Koxa/Gateway ERP evidence and otherwise platform-category language across core/deposit, digital, data, integration, security, fraud, and AML domains.",Confirmed technologies: Jack Henry Platform | jXchange | SymXchange | SilverLake | Symitar | GCP for Jack Henry Digital | Victor Technologies PaaS | Payrailz | Instant Payments / Payments Hub | Rapid Transfers | Fintech Integration Network | Banno Digital Toolkit | Google Cloud agentic-defense products | Proprietary Jack Henry AI Security Platform | Banno Digital Platform | Public stack indicators: Kubernetes | Terraform | GitHub Actions | CircleCI | Docker | Swagger/OpenAPI | Redis | Postgres | Scala | C# | Java | Ruby | Go | Python | Node.js | AWS | Azure | GCP | Cloud Functions | Azure Functions | AWS Lambda | Kotlin | Objective-C | Swift
"Strategy and Intelligence: 
 Technology Services Inference",executive_account_summary: risk_and_control_posture,"Risk posture should be framed around control continuity, operational resilience, financial-reporting confidence, and conversion evidence. Cyber, fraud, and AML remain discovery/watchlist areas.","product_security: High public emphasis through AI-driven product-security collaboration. | cybersecurity: Important but broader enterprise cybersecurity priorities and architecture are not fully disclosed. | platform_resilience: Material to cloud, payments, digital, and core product availability. | availability: Likely a critical customer outcome; public target values are not disclosed. | privacy: Relevant to product, data, AI, and financial-services operations; detailed posture is not public. | regulatory_compliance: U.S. financial-institution customers require strong compliance and control evidence, but no specific new regulatory initiative is asserted. | third_party_risk: Partner and cloud ecosystems create third-party dependencies; current governance is not public. | model_risk: Relevant to AI-enabled product capabilities; governance maturity requires validation. | implementation_risk: Material where configuration, testing, readiness, cutover, and customer transition are complex. | client_conversion_risk: Material but not quantified. | operational_risk: Cloud operations, incident response, data, payments, and production support create operational dependencies. | product_quality: Release quality and defect prevention are central to customer continuity. | customer_retention_risk: Modernization, reliability, implementation quality, and adoption can affect retention, but public retention metrics are unavailable. | acquisition_integration_risk: Victor integration creates product, architecture, commercial, and operating-model dependencies."
"Strategy and Intelligence: 
 Technology Services Inference",executive_account_summary: overall_executive_outlook,"High sales relevance, medium-to-high consulting readiness, and medium implementation readiness, driven by a dated conversion event and multiple adjacent workstreams that require careful validation.","Strong evidence and portfolio breadth create attractive entry and expansion paths, but detailed pursuit must remain validation-led. Overall account attractiveness: High. Recommended pursuit posture: Pursue Selectively."
"Strategy and Intelligence: 
 Technology Services Inference",executive_account_summary: recommended_gsi_posture,"Lead with business-led conversion assurance and integration-readiness advisory, not product displacement, vendor rationalization, or broad modernization claims.","Validate product and platform priorities with product, technology, and engineering functions. | Prepare an executive workshop around cloud-native product evolution, API ecosystem scale, engineering productivity, and customer implementation. | Lead with the highest-readiness architecture or engineering assessment. | Confirm buyer, budget, platform, and timing assumptions before detailed solutioning. | Monitor Professional Services and Managed Services trigger events."
"Strategy and Intelligence: 
 Business Strategy",business_strategy: strategy_summary,"The publicly supported strategy is an integration-and-growth agenda: complete the Pinnacle/Synovus combination, preserve customers and operations through conversion, grow commercial relationships and fee income, manage merger-related financial effects, and maintain risk/control discipline.","Jack Henry’s publicly demonstrated strategy centers on profitable growth through a unified cloud-native product direction, expansion in digital and payments, open API and partner ecosystem scale, AI-enabled product security, customer continuity, and disciplined execution. Financial results indicate continuing investment capacity, while the public strategy remains product-led rather than framed as a single enterprise transformation program."
"Strategy and Intelligence: 
 AccountSignal AI Inference",accountsignal_inference: executive_summary,"The combined evidence suggests a practical consulting-demand trajectory: start with conversion assurance, validate cross-functional governance, then expand into commercial integration, data/control readiness, customer-channel continuity, change enablement, and selective managed support after scope is validated.","The combined evidence suggests that Jack Henry’s transformation demand is concentrating around shared cloud-native product foundations, engineering productivity, API ecosystem scale, product security, implementation industrialization, and selective data and services operating-model needs. The strongest inferences concern platform and engineering execution; broader Data and AI, Professional Services, and Managed Services implications require more validation."
"Strategy and Intelligence: 
 AccountSignal AI Recommends (Primary Inference)",accountsignal_inference: inference_title,Conversion assurance is the primary account-entry narrative,Platform transformation is concentrating around shared cloud-native foundations
"Strategy and Intelligence: 
 AccountSignal AI Recommends (Primary Inference)",accountsignal_inference: inference_statement,"The most defensible pursuit theme is not platform replacement; it is independent readiness, assurance, testing, reconciliation, and hypercare support around the March 2027 conversion.","Multiple core, digital, payments, API, and cloud-operations opportunities suggest that management attention is likely concentrating on shared architecture, interoperability, reliability, and gradual transition rather than isolated product refreshes."
"Strategy and Intelligence: 
 AccountSignal AI Reasoning (Primary Inference)",accountsignal_inference: why_the_inference_is_reasonable,"The opportunity portfolio consistently points to date-bound conversion, client continuity, operating readiness, data reconciliation, and cutover assurance while preserving vendor and budget guardrails.","The inference combines multiple product, financial, technology, customer, engineering, and opportunity signals that converge on a common execution or investment pattern."
Executive Intelligence Summary,executive_intelligence_summary: executive_summary,"Synovus is a high-relevance integration-led account where the strongest entry is March 2027 conversion readiness. Commercial treasury integration, finance/data controls, digital/branch continuity, and operating-model enablement form the best expansion paths. Cyber, fraud, and AML remain careful validation areas.","Jack Henry is an attractive but validation-sensitive account. Public strategy and financial momentum support focused pursuit around cloud-native product evolution, digital and payments growth, API ecosystem scale, product security, engineering productivity, and client implementation. The account is most mature for consulting and architecture entry; broader implementation, conversion, data, Professional Services, and Managed Services demand requires progressively stronger validation."