Opportunity,Data Element,Current,To be updated
1,"Opportunity1: Opportunity Title and 
Opportunity1: Top Opportunity Owners",Merger Systems Conversion and Client Experience Assurance,Merger Conversion Assurance & Client Experience Command Center
1,Opportunity1: Business driver,"Executive Mandate: De-risk the merger conversion with zero customer disruption across core, digital, and branch journeys.","Executive mandate is to protect client trust, deposit stability, operational continuity, and brand reputation by preventing conversion errors across account mapping, rates, fees, statements, digital access, branches, treasury, and reporting."
1,Opportunity1: Project Scope,"Core/deposit conversion dependency assessment.
Deposit account, product, balance, fee, statement, and rate mapping validation.
Core-to-digital, core-to-treasury, core-to-reporting, and branch integration testing.
Reconciliation controls and production-readiness dashboards.","Map conversion dependencies across core, digital, branch, treasury, reporting, operations.
Validate deposit products, accounts, balances, rates, fees, statements, notices accurately.
Test customer journeys across digital access, payments, servicing, treasury workflows.
Define reconciliation controls, readiness dashboards, mock conversions, command-center hypercare support."
1,Opportunity1: Entry wedge,FIS core and deposit conversion risk review.,Merger conversion risk and client experience assurance review
1,Opportunity1: First Meeting Theme,"Deposit conversion accuracy, customer-impact controls, and downstream integration readiness.","“How are you protecting customer experience, deposit accuracy, and operational continuity through the 2027 conversion?”
Discovery hook:
“Which customer journeys, product mappings, and downstream integrations create the highest risk during conversion?”"
1,Opportunity1: First 30 day action,Map deposit conversion dependencies. | Identify high-risk product/account mapping ,"Conversion risk assessment, high-risk journey map, data/product mapping validation plan, reconciliation model, readiness dashboard prototype
Expansion path:
Mock conversion testing, reconciliation factory, branch/customer-care readiness, cutover command center, post-conversion stabilization"
1,Opportunity1: Soluition Elements,I don't see Solution details card,"Merger conversion advisory: Conversion risk assessment, dependency mapping, operating model, governance, readiness plan.
Core/deposit conversion validation: Product mapping, account attribute validation, balance/rate/fee reconciliation, statement and notice validation.
Digital and channel assurance: Core-to-digital, core-to-branch, core-to-treasury, and core-to-customer-care testing.
Data reconciliation factory: Automated reconciliation, exception workflows, control totals, data-quality dashboards, audit evidence.
Command center and executive dashboards: Go/no-go readiness, defect severity, customer-impact scoring, conversion runbook, production readiness.
Post-conversion stabilization: Hypercare, defect triage, customer-impact monitoring, branch/call-center issue management."
1,"Opportunity1: Opportunity Title and 
Opportunity1: Top Opportunity Owners",Merger Systems Conversion and Client Experience Assurance,Merger Conversion Assurance & Client Experience Command Center
1,Opportunity1: Business driver,"Executive Mandate: De-risk the merger conversion with zero customer disruption across core, digital, and branch journeys.","Executive mandate is to protect client trust, deposit stability, operational continuity, and brand reputation by preventing conversion errors across account mapping, rates, fees, statements, digital access, branches, treasury, and reporting."
1,Opportunity1: Project Scope,"Core/deposit conversion dependency assessment.
Deposit account, product, balance, fee, statement, and rate mapping validation.
Core-to-digital, core-to-treasury, core-to-reporting, and branch integration testing.
Reconciliation controls and production-readiness dashboards.","Map conversion dependencies across core, digital, branch, treasury, reporting, operations.
Validate deposit products, accounts, balances, rates, fees, statements, notices accurately.
Test customer journeys across digital access, payments, servicing, treasury workflows.
Define reconciliation controls, readiness dashboards, mock conversions, command-center hypercare support."
1,Opportunity1: Entry wedge,FIS core and deposit conversion risk review.,Merger conversion risk and client experience assurance review
1,Opportunity1: First Meeting Theme,"Deposit conversion accuracy, customer-impact controls, and downstream integration readiness.","“How are you protecting customer experience, deposit accuracy, and operational continuity through the 2027 conversion?”
Discovery hook:
“Which customer journeys, product mappings, and downstream integrations create the highest risk during conversion?”"
1,Opportunity1: First 30 day action,Map deposit conversion dependencies. | Identify high-risk product/account mapping ,"Conversion risk assessment, high-risk journey map, data/product mapping validation plan, reconciliation model, readiness dashboard prototype
Expansion path:
Mock conversion testing, reconciliation factory, branch/customer-care readiness, cutover command center, post-conversion stabilization"
1,"Opportunity1: Opportunity Title and 
Opportunity1: Top Opportunity Owners",Merger Systems Conversion and Client Experience Assurance,Merger Conversion Assurance & Client Experience Command Center
1,Opportunity1: Business driver,"Executive Mandate: De-risk the merger conversion with zero customer disruption across core, digital, and branch journeys.","Executive mandate is to protect client trust, deposit stability, operational continuity, and brand reputation by preventing conversion errors across account mapping, rates, fees, statements, digital access, branches, treasury, and reporting."
1,Opportunity1: Project Scope,"Core/deposit conversion dependency assessment.
Deposit account, product, balance, fee, statement, and rate mapping validation.
Core-to-digital, core-to-treasury, core-to-reporting, and branch integration testing.
Reconciliation controls and production-readiness dashboards.","Map conversion dependencies across core, digital, branch, treasury, reporting, operations.
Validate deposit products, accounts, balances, rates, fees, statements, notices accurately.
Test customer journeys across digital access, payments, servicing, treasury workflows.
Define reconciliation controls, readiness dashboards, mock conversions, command-center hypercare support."
1,Opportunity1: Entry wedge,FIS core and deposit conversion risk review.,Merger conversion risk and client experience assurance review
1,Opportunity1: First Meeting Theme,"Deposit conversion accuracy, customer-impact controls, and downstream integration readiness.","“How are you protecting customer experience, deposit accuracy, and operational continuity through the 2027 conversion?”
Discovery hook:
“Which customer journeys, product mappings, and downstream integrations create the highest risk during conversion?”"
1,"Opportunity1: Opportunity Title and 
Opportunity1: Top Opportunity Owners",Merger Systems Conversion and Client Experience Assurance,Merger Conversion Assurance & Client Experience Command Center
1,Opportunity1: Business driver,"Executive Mandate: De-risk the merger conversion with zero customer disruption across core, digital, and branch journeys.","Executive mandate is to protect client trust, deposit stability, operational continuity, and brand reputation by preventing conversion errors across account mapping, rates, fees, statements, digital access, branches, treasury, and reporting."
1,Opportunity1: Project Scope,"Core/deposit conversion dependency assessment.
Deposit account, product, balance, fee, statement, and rate mapping validation.
Core-to-digital, core-to-treasury, core-to-reporting, and branch integration testing.
Reconciliation controls and production-readiness dashboards.","Map conversion dependencies across core, digital, branch, treasury, reporting, operations.
Validate deposit products, accounts, balances, rates, fees, statements, notices accurately.
Test customer journeys across digital access, payments, servicing, treasury workflows.
Define reconciliation controls, readiness dashboards, mock conversions, command-center hypercare support."