account_id,account_name,full_name,title,department
1,Synovus,Stakeholder 1,Title 1,Risk
1,Synovus,Stakeholder 2,Title 2,Risk
1,Synovus,Stakeholder 3,Title 3,Risk
1,Synovus,Stakeholder 4,Title 4,Risk
1,Synovus,Stakeholder 5,Title 5,Finance Tech
1,Synovus,Stakeholder 6,Title 6,Finance Tech
1,Synovus,Stakeholder 7,Title 7,Finance Tech
1,Synovus,Stakeholder 8,Title 8,Finance Tech
1,Synovus,Stakeholder 9,Title 9,Enterprise Data
1,Synovus,Stakeholder 10,Title 10,Enterprise Data
1,Synovus,Stakeholder 11,Title 11,Enterprise Data
1,Synovus,Stakeholder 12,Title 12,Enterprise Data
